{"count":1,"self":40.0796256,"total":41.215771,"children":{"InitializeActuators":{"count":2,"self":0.00082199999999999992,"total":0.00082199999999999992,"children":null},"InitializeSensors":{"count":2,"self":0.0017679999999999998,"total":0.0017679999999999998,"children":null},"AgentSendState":{"count":2011,"self":0.031641999999999997,"total":0.046907,"children":{"CollectObservations":{"count":806,"self":0.0038069999999999996,"total":0.0038069999999999996,"children":null},"WriteActionMask":{"count":806,"self":0.00061699999999999993,"total":0.00061699999999999993,"children":null},"RequestDecision":{"count":806,"self":0.0098129999999999988,"total":0.010841,"children":{"RayPerceptionSensor.Perceive":{"count":1209,"self":0.001028,"total":0.001028,"children":null}}}}},"DecideAction":{"count":2011,"self":1.0636029999999999,"total":1.069053,"children":{"RayPerceptionSensor.Perceive":{"count":1209,"self":0.00545,"total":0.00545,"children":null}}},"AgentAct":{"count":2011,"self":0.017280999999999998,"total":0.017280999999999998,"children":null}},"gauges":{},"metadata":{"timer_format_version":"0.1.0","start_time_seconds":"1733214176","unity_version":"2022.3.49f1","command_line_arguments":"\/home\/oreomilkshake\/Unity\/Hub\/Editor\/2022.3.49f1\/Editor\/Unity -projectpath \/home\/oreomilkshake\/HW\/CS4700\/Hummingbirds -useHub -hubIPC -cloudEnvironment production -licensingIpc LicenseClient-oreomilkshake -hubSessionId e3d6b997-3726-498a-91c0-83bc73993d49 -accessToken b6zMSVkw3SVtH4eWtC3f-yJ2Vsp9jl9vOfjnvR9Twqo001f","communication_protocol_version":"1.5.0","com.unity.ml-agents_version":"2.0.1","scene_name":"FlowerIsland","end_time_seconds":"1733214218"}}